{
	"oh3Fear":
	{
		"type": "combat", 
		"name": "Fear",
		"school":
		{
			"air": true,
			"earth": true,
			"fire": true,
			"water": true
		},
		"level": 5,
		"power": 1,
		"defaultGainChance": 0, 
		"gainChance":
		{
		},
		"animation":{
			"affect":["NewOldSpells/fearSpell"]
		},
 
		"flags" : {"negative": true},
 
		"targetCondition" : {
			"allOf" : {},
			"anyOf" : {},			
			"noneOf" : {
				"core:bonus.NON_LIVING": "normal",
				"core:bonus.GARGOYLE": "normal",
				"core:bonus.MECHANICAL": "normal",
				"core:bonus.FEARLESS": "normal",
				"core:bonus.UNDEAD": "normal"
			}
	},	
 
		"graphics":
		{
			"iconBook": "NewOldSpells/fearBook.bmp",
			"iconScroll": "NewOldSpells/fearScroll.bmp",
			"iconScenarioBonus": "NewOldSpells/fearScenario.bmp",
			"iconEffect": "NewOldSpells/fearEffect.bmp",
			"iconImmune": "NewOldSpells/fearImmune.bmp"
		},
		"sounds":
		{
			"cast":"FEAR" 
		},
		"targetType": "CREATURE",
 
		"levels":
		{
			"base":
			{
				"range": "0",
				"power": 1,
				"aiValue": 50,
				"targetModifier":
				{
					"smart": true
				},
				"effects":
				{
					"reduceDamage":
					{
						"type": "CREATURE_DAMAGE",
						"subtype" : "creatureDamageBoth",
						"val" : -100,
						"valueType": "PERCENT_TO_ALL",
						"duration": "N_TURNS"
					},
					"reduceSpeed":
					{
						"type": "STACKS_SPEED",
						"val" : -25,
						"valueType": "PERCENT_TO_BASE",
						"duration": "N_TURNS"
					},
					"noAttack":
					{
						"type": "ADDITIONAL_ATTACK",
						"val" : -1,
						"valueType": "INDEPENDENT_MIN",
						"duration": "N_TURNS"
					}
				}
			},
			"none":
			{
				"description": "{Fear}\n\nStrikes an enemy unit with such fear, that it becomes unable to attack and nearly unable to move (-25% speed).\n",	 
				"cost": 35
			},
			"basic":
			{
				"description": "{Basic Fear}\n\nStrikes an enemy unit with such fear, that it becomes unable to attack and nearly unable to move (-25% speed).\n", 
				"cost": 30	
			},
			"advanced":
			{
				"description": "{Advanced Fear}\n\nStrikes an enemy unit with such fear, that it becomes unable to attack and nearly unable to move.\n\nPenalty to movement is twice that of Basic Fear (-50% speed).\n",
				"cost": 30,
				"effects":
				{
					"reduceSpeed":
					{
						"val" : -50
					}
				}
			},
			"expert":
			{
				"description": "{Expert Fear}\n\nStrikes an enemy unit with such fear, that it becomes unable to attack and nearly unable to move.\n\nPenalty to movement is three times that of Basic Fear (-75% speed).\n", 
				"cost": 30,
	 
				"effects":
				{
					"reduceSpeed":
					{
						"val" : -75
					}
				}
			}
		}
	}
}