{
	"vampirism":
	{
		"type": "combat", 
		"name": "Vampirism",
		"school":
		{
			"air": false,
			"earth": true,
			"fire": false,
			"water": false
		},
		"level": 5,
		"power": 10,
		"defaultGainChance": 0, 
		"gainChance":
		{
			"necropolis": 20,
			"inferno": 5,
			"dungeon" : 1
		},
 
		//implosion animation?
		"animation":{
			"affect":["C05SPE0"]
		},
 
		"flags" : {"positive": true},
 
		"targetCondition" : {
			"allOf" : {},
			"anyOf" : {},			
			"noneOf" : {
				"core:bonus.NON_LIVING": "normal"
			}
	},	
 
		"graphics":
		{
			"iconBook": "NewOldSpells/vampirismBook.bmp",
			"iconScroll": "NewOldSpells/vampirismScroll.bmp",
			"iconScenarioBonus": "NewOldSpells/vampirismScenario.bmp",
			"iconEffect": "NewOldSpells/vampirismEffect.bmp"
		},

		"sounds":
		{
			"cast":"NewOldSpells/sound.spell.vampirism.wav"
		},
		"targetType": "CREATURE",
 
		"levels":
		{
			"base":
			{
				"range": "0",
				"power": 10,
				"aiValue": 20,
				"targetModifier":
				{
					"smart": true
				}
			},
			"none":
			{
				"description": "{Vampirism}\n\nFriendly unit becomes undead and heals itself for 20% of damage dealt to enemy.\n",
	 
				"cost": 24,
				"effects":
				{
					"undead":
					{
						"type": "UNDEAD",
						"duration": "N_TURNS"
					},
					"lifeDrain":
					{
						"type": "LIFE_DRAIN",
						"val" : 20,
						"duration": "N_TURNS"
					}
				}
			},
			"basic":
			{
				"description": "{Basic Vampirism}\n\nFriendly unit becomes undead and heals itself for 20% of damage dealt to enemy.\n",
	 
				"cost": 19,
	 
				"effects":
				{
					"undead":
					{
						"type": "UNDEAD",
						"duration": "N_TURNS"
					},
					"lifeDrain":
					{
						"type": "LIFE_DRAIN",
						"val" : 20,
						"duration": "N_TURNS"
					}
				}
			},
			"advanced":
			{
				"description": "{Advanced Vampirism}\n\nFriendly unit becomes undead and heals itself for 35% of damage dealt to enemy.\n",
	 
				"cost": 19,
	 
				"effects":
				{
					"undead":
					{
						"type": "UNDEAD",
						"duration": "N_TURNS"
					},
					"lifeDrain":
					{
						"type": "LIFE_DRAIN",
						"val" : 25,
						"duration": "N_TURNS"
					}
				}
			},
			"expert":
			{
				"description": "{Expert Vampirism}\n\nFriendly unit becomes undead and heals itself for 50% of damage dealt to enemy.\n",
	 
				"cost": 19,
	 
				"effects":
				{
					"undead":
					{
						"type": "UNDEAD",
						"duration": "N_TURNS"
					},
					"lifeDrain":
					{
						"type": "LIFE_DRAIN",
						"val" : 30,
						"duration": "N_TURNS"
					}
				}
			}
		}
	}
 
}