{
	"waspSwarm":
	{
		"type": "combat", 
		"name": "Wasp Swarm",
		"school":
		{
			"air": false,
			"earth": true,
			"fire": false,
			"water": false
		},
		"level": 2,
		"power": 10,
		"defaultGainChance": 10, 
		"gainChance":
		{
			"rampart": 20,
			"necropolis": 15,
			"inferno" : 0,
			"stronghold" : 15,
			"fortress" : 20,
			"conflux" : 0
		},
 
		"flags" :
		{
			"damage": true,
			"offensive": true,
			"negative": true
		},
 

		"targetCondition" : {
			"allOf" : {},
			"anyOf" : {},			
			"noneOf" : {
				"core:bonus.DIRECT_DAMAGE_IMMUNITY": "normal",
				"core:bonus.NON_LIVING": "normal",
				"core:bonus.UNDEAD": "normal"
			}
	},  
		"graphics":
		{
			"iconBook": "NewOldSpells/waspBook.bmp",
			"iconScroll": "NewOldSpells/waspScroll.bmp",
			"iconScenarioBonus": "NewOldSpells/waspScenario.bmp",
			"iconEffect": "NewOldSpells/waspEffect.bmp",
			"iconImmune": "NewOldSpells/waspImmune.bmp"
		},
		
		"animation":
		{
			"hit":["NewOldSpells/waspSpell.def"]
		},

		"sounds":
		{
			"cast":"NewOldSpells/sound.spell.wasp.wav"
		},
		"targetType": "CREATURE",
 
		"levels":
		{
			"base":
			{
				"aiValue": 5,
				"range": "0",
				"targetModifier":
				{
					"smart": true
				}
			},
			"none":
			{
				"description": "{Wasp Swarm}\n\nDoes little damage to target and reduces its speed for this turn.\n",
	 
				"cost": 8,
				"power": 10,
	 
				"effects":
				{
					"speed":
					{
						"type": "STACKS_SPEED",
						"valueType" : "PERCENT_TO_ALL",
						"duration" : "STACK_GETS_TURN",
						"val": -25
					}
				}
			},
			"basic":
			{
				"description": "{Basic Wasp Swarm}\n\nDoes little damage to target and reduces its speed for this turn.\n",
	 
				"cost": 6,
				"power": 15,
	 
				"effects":
				{
					"speed":
					{
						"type": "STACKS_SPEED",
						"valueType" : "PERCENT_TO_ALL",
						"duration" : "STACK_GETS_TURN",
						"val": -25
					}
				}
			},
			"advanced":
			{
				"description": "{Advanced Wasp Swarm}\n\nDoes little damage to target and reduces its speed for this turn.\n",
	 
				"cost": 6,
				"power": 15,
	 
				"effects":
				{
					"speed":
					{
						"type": "STACKS_SPEED",
						"valueType" : "PERCENT_TO_ALL",
						"duration" : "STACK_GETS_TURN",
						"val": -50
					}
				}
			},
			"expert":
			{
				"description": "{Expert Wasp Swarm}\n\nDoes little damage to target and reduces its speed for this turn.\n",
	 
				"cost": 6,
				"power": 15,
	 
				"effects":
				{
					"speed":
					{
						"type": "STACKS_SPEED",
						"valueType" : "PERCENT_TO_ALL",
						"duration" : "STACK_GETS_TURN",
						"val": -75
					}
				}
			}
		}
	}
 
}