{
	"name" : "Summon HotA Creatures",
	"description" : "Two summoning spells: Nymphs and Stormbirds. After casting, another summon spell can be casted in next turn.",
	"author" : "avatar, Kurek, Igrik (author of similar ERA mod).",
	"contact" : "https://www.forum.acidcave.net/topic.php?TID=2961",
	"version" : "1.00",
	"modType" : "Compatibility",	

	"spells" :
	[
		"config/spells/summonStormbird",
		"config/spells/summonNymph"
	],
    "depends": 
    [
		"new-summon-spells.summonhotacreatures"
    ],
	"softDepends" :
    [
        "new-summon-spells.summonHotaCreatures"
    ],
	"czech":{
		"name" : "Summon HotA Creatures",
		"description" : "Two summoning spells: Nymphs and Stormbirds. After casting, another summon spell can be casted in next turn.",
	    "translations" : [
	        "translation/summonHotaCreatures/czech.json"
	    ]
	}
}