{
	"asylum-town:summonJester" : {
		"levels" : {
			"base" : {
				"description" : "{Summon Jester}\r\n\r\nAllows you to summon Jester.\r\n\r\nOnce cast, any other creature can be summoned.",
				"battleEffects" : {
					"summon" : {
						"exclusive" :false,
						"id" :"asylum-town:jesterDeliver",
						"permanent" :false,
						"type" :"core:summon"
					}
				}
			},
			"none" : {
				"description": "{Summon Jester}\r\n\r\nAllows you to summon Jester.\r\n\r\nOnce cast, any other creature can be summoned."
			},
			"basic" : {
				"description": "{Basic Summon Jester}\r\n\r\nAllows you to summon Jester.\r\n\r\nOnce cast, any other creature can be summoned."
			},
			"advanced" : {
				"description": "{Advanced Summon Jester}\r\n\r\nAllows you to summon Jester.\r\n\r\nOnce cast, any other creature can be summoned."
			},
			"expert" : {
				"description": "{Expert Summon Jester}\r\n\r\nAllows you to summon Jester.\r\n\r\nOnce cast, any other creature can be summoned."
			}
		}
	}
}