{
	"bblizzardbird":
	{
		"name" :
		{
			"plural" : "Blizzard Falcons",
			"singular" : "Blizzard Falcon"
		},
		"advMapAmount" :
		{
			 "max" : 16,
			 "min" : 10
		},
		"faction" : "highlands",
		"aiValue" : 778,
		"attack" : 11,
		"cost" :
		{
			"gold" : 420
		},
		"damage" :
		{
			 "max" : 12,
			 "min" : 8
		},
		"defense" : 9,
		"fightValue" : 728,
    "graphics": {
      "animation": "highlands/battle/creatures/CFG4U.def",
      "map": "highlands/map/creatures/AVWC157.def",
      "iconSmall": "highlands/iconsSmall/creatures/CPrS157B.bmp",
      "iconLarge": "highlands/iconsBig/creatures/CPrL157B.bmp",
      "timeBetweenFidgets": 1,
      "animationTime": {
        "walk": 1,
        "attack": 1,
        "idle": 10
      }
    },
    "doubleWide": true,
		"growth" : 4,
		"hitPoints" : 40,
		"level" : 4,
		"sound" :
		{
			"attack": "highlands/FG4UATTK.wav",
			"defend": "highlands/FG4UDFND.wav",
			"killed": "highlands/FG4UKILL.wav",
			"move": "highlands/FG4UMOVE.wav",
			"wince": "highlands/FG4UWNCE.wav"
		},
		"speed" : 12,
		"abilities" :
		{
      "canFly": 
      {
        "type": "FLYING",
		"subtype" : "movementFlying"
      },
      "thunderStrength" :
			{
				"type" : "SPECIFIC_SPELL_POWER",
				"subtype" : "spell.iceBolt",
				"val" : 8
			},
			"immuneToWater" :
			{
				"type" : "SPELL_DAMAGE_REDUCTION",
				"subtype" : "water",
				"val" : 100
			},
			"thunderOnAttack" :
			{
				"type" : "SPELL_AFTER_ATTACK",
				"subtype" : "spell.iceBolt",
				"val" : 20,
				"addInfo" : [2, 2]
			}
		},
		"stackExperience" :
		[
			{
				"bonus" :
				{
					"subtype" : "attack",
					"type" : "PRIMARY_SKILL"
				},
				"values" : [ 1, 2, 2, 3, 4, 5, 6, 6, 7, 8 ]
			},	
			{
				"bonus" :
				{
					"subtype" : "defence",
					"type" : "PRIMARY_SKILL"
				},
				"values" : [ 1, 2, 2, 3, 4, 4, 5, 6, 7, 8 ]
			},
			{
				"bonus" :
				{
					"subtype" : "creatureDamageBoth",
					"type" : "CREATURE_DAMAGE"
				},
				"values" : [ 0, 1, 1, 2, 2, 3, 3, 4, 4, 5 ]
			},
			{
				"bonus" :
				{
					"valueType" : "PERCENT_TO_BASE",
					"type" : "STACK_HEALTH"
				},
				"values" : [ 5, 10, 15, 20, 25, 30, 35, 40, 45, 50 ]
			}
		]
	}
}

