{
  "bsfafnir": {
    "name": {
      "plural": "Fire Dragons",
      "singular": "Fire Dragon"
    },
    "advMapAmount": {
 "max" : 10,
 "min" : 5
    },
    "faction": "highlands",
    "aiValue": 3716,
    "attack": 16,
    "cost": {
      "gold": 2000
    },
    "damage": {
 "max" : 40,
 "min" : 25
    },
    "defense": 18,
    "fightValue": 3552,
    "graphics": {
      "animation": "highlands/battle/creatures/CFG7.def",
      "map": "highlands/map/creatures/AVWC162.def",
      "iconSmall": "highlands/iconsSmall/creatures/CPrS162B.bmp",
      "iconLarge": "highlands/iconsBig/creatures/CPrL162B.bmp",
      "timeBetweenFidgets": 1,
      "animationTime": {
        "walk": 1.5,
        "attack": 1,
        "idle": 10
      }
    },
    "doubleWide": true,
    "growth": 1,
    "hitPoints": 175,
    "level": 7,
    "upgrades": [
      "demonicfafnir"
    ],
    "sound": {
      "attack": "highlands/FG7ATTK.wav",
      "defend": "highlands/FG7DFND.wav",
      "killed": "MAGMKILL.wav",
      "move": "MAGMMOVE.wav",
      "wince": "highlands/FG7WNCE.wav"
    },
    "speed": 5,
    "abilities": 
    {
      "nonLiving" : 
			{
				"type" : "NON_LIVING"
			},
			"immuneToMind" : 
			{
				"type" : "MIND_IMMUNITY"
			},
			"basicSlayer" : { "type" : "KING", "val": 0 },
			"fireBreath" :
			{
				"type" : "TWO_HEX_ATTACK_BREATH"
			},
			"disintegrate":
			{
				"type": "DISINTEGRATE",
			},
			"immuneToFire" :
			{
				"subtype" : "spellSchool.fire",
				"type" : "SPELL_SCHOOL_IMMUNITY"
			},
			"castLiquidFlame" :
			{
				"type" : "SPELL_AFTER_ATTACK",
				"subtype" : "spell.liquidFlame",
				"val" : 50
			},
			"castLiquidFlameStrength" :
			{
				"type" : "CREATURE_SPELL_POWER",
				"val" : 100
			},
			"waterWeaken" :
			{
                 "type" : "SPELL_DAMAGE_REDUCTION",
                 "val" : -100,
                 "subtype" : "spellSchool.water",
            },
			"attackInLava" : 
			{
				"type" : "PRIMARY_SKILL",
				"subtype" : "primarySkill.attack",
				"val" : 1,
				"limiters" : [ {
					"type" : "CREATURE_TERRAIN_LIMITER",
					"parameters" : ["lava"]
				} ]
				
			},
			"defenceInLava"  : {
				"type" : "PRIMARY_SKILL",
				"subtype" : "primarySkill.defence",
				"val" : 1,
				"limiters" : [ {
					"type" : "CREATURE_TERRAIN_LIMITER",
					"parameters" : ["lava"]
				} ]
				
			},
			"speedInLava" : {
				"type" : "STACKS_SPEED",
				"val" : 1,
				"limiters" : [ {
					"type" : "CREATURE_TERRAIN_LIMITER",
					"parameters" : ["lava"]
				} ]
				
			}
		},
		"stackExperience" :
 
		[
			{
				"bonus" :
				{
					"subtype" : "primarySkill.attack",
					"type" : "PRIMARY_SKILL"
//					"valueType" : "BASE_NUMBER"
				},
				"values" : [ 1, 2, 3, 4, 5, 6, 7, 8, 9, 10 ]
			},	
			{
				"bonus" :
				{
					"subtype" : "primarySkill.defence",
					"type" : "PRIMARY_SKILL"
//					"valueType" : "BASE_NUMBER"
				},
				"values" : [ 1, 2, 3, 4, 5, 6, 7, 8, 9, 10 ]
			},
			{
				"bonus" :
				{
					"subtype" : "creatureDamageBoth",
					"type" : "CREATURE_DAMAGE"
				},
				"values" : [ 1, 2, 3, 4, 5, 6, 7, 8, 9, 10 ]
			},
			{
				"bonus" :
				{
					"type" : "STACKS_SPEED"
				},
				"values" : [ 0, 0, 0, 1, 1, 2, 2, 2, 2, 3]
			},
			{
				"bonus" :
				{
					"type" : "HATE",
					"subtype" : "creature.boneDragon"
				},
				"values" : [ 70, 90, 110, 130, 150, 170, 190, 210, 230, 250 ]			
			},
			{
				"bonus" :
				{
					"type" : "HATE",
					"subtype" : "creature.ghostDragon"
				},
				"values" : [ 70, 90, 110, 130, 150, 170, 190, 210, 230, 250 ]			
			},
			{
				"bonus" :
				{
					"type" : "FEARLESS"
				},
				"values" : [ false, false, false, false, true, true, true, true, true, true ]
			},
			{
				"bonus" :
				{
					"type" : "RECEPTIVE"
				},
				"values" : [ false, false, false, false, false, false, false, true, true, true ]
			}
		]
    }
}
