{
  "demonicfafnir": {
    "name": {
      "plural": "Magma Dragons",
      "singular": "Magma Dragon"
    },
    "advMapAmount": {
 "max" : 8,
 "min" : 3
    },
    "faction": "highlands",
    "aiValue": 5937,
    "attack": 18,
    "cost": {
      "gold": 3500,
      "ore": 2
    },
    "damage": {
 "max" : 45,
 "min" : 30
    },
    "defense": 22,
    "fightValue": 5853,
    "graphics": {
      "animation": "highlands/battle/creatures/CFG7U.def",
      "map": "highlands/map/creatures/AVWC163.def",
      "iconSmall": "highlands/iconsSmall/creatures/CPrS163B.bmp",
      "iconLarge": "highlands/iconsBig/creatures/CPrL163B.bmp",
      "timeBetweenFidgets": 1,
      "animationTime": {
        "walk": 1.5,
        "attack": 1,
        "idle": 10
      }
    },
    "doubleWide": true,
    "growth": 1,
    "hitPoints": 250,
    "level": 7,
    "sound": {
      "attack": "highlands/FG7ATTK.wav",
      "defend": "highlands/FG7DFND.wav",
      "killed": "MAGMKILL.wav",
      "move": "MAGMMOVE.wav",
      "wince": "highlands/FG7WNCE.wav"
    },
    "speed": 7,
    "abilities": 
    {
      "nonLiving" : 
			{
				"type" : "NON_LIVING"
			},
			"immuneToMind" : 
			{
				"type" : "MIND_IMMUNITY"
			},
			"basicSlayer" : { "type" : "KING", "val": 0 },
			"fireBreath" :
			{
				"type" : "TWO_HEX_ATTACK_BREATH"
			},
			"immuneToFire" :
			{
				"subtype" : "spellSchool.fire",
				"type" : "SPELL_SCHOOL_IMMUNITY"
			},
			"castLiquidFlame" :
			{
				"type" : "SPELL_AFTER_ATTACK",
				"subtype" : "spell.liquidFlame",
				"val" : 100
			},
			"castLiquidFlameStrength" :
			{
				"type" : "CREATURE_SPELL_POWER",
				"val" : 100
			},
			"fireShield" :
			{
				"type" : "FIRE_SHIELD",
				"val" : 30
			},
			"disintegrate":
			{
				"type": "DISINTEGRATE",
			},
			"waterWeaken" :
			{
                 "type" : "SPELL_DAMAGE_REDUCTION",
                 "val" : -100,
                 "subtype" : "spellSchool.water",
            },
			"attackInLava" : 
			{
				"type" : "PRIMARY_SKILL",
				"subtype" : "primarySkill.attack",
				"val" : 1,
				"limiters" : [ {
					"type" : "CREATURE_TERRAIN_LIMITER",
					"parameters" : ["lava"]
				} ]
				
			},
			"defenceInLava"  : {
				"type" : "PRIMARY_SKILL",
				"subtype" : "primarySkill.defence",
				"val" : 1,
				"limiters" : [ {
					"type" : "CREATURE_TERRAIN_LIMITER",
					"parameters" : ["lava"]
				} ]
				
			},
			"speedInLava" : {
				"type" : "STACKS_SPEED",
				"val" : 1,
				"limiters" : [ {
					"type" : "CREATURE_TERRAIN_LIMITER",
					"parameters" : ["lava"]
				} ]
				
			}
		},
		"stackExperience" :
 
		[
			{
				"bonus" :
				{
					"subtype" : "primarySkill.attack",
					"type" : "PRIMARY_SKILL"
//					"valueType" : "BASE_NUMBER"
				},
				"values" : [ 1, 2, 3, 4, 5, 6, 7, 8, 9, 10 ]
			},	
			{
				"bonus" :
				{
					"subtype" : "primarySkill.defence",
					"type" : "PRIMARY_SKILL"
//					"valueType" : "BASE_NUMBER"
				},
				"values" : [ 1, 2, 3, 4, 5, 6, 7, 8, 9, 10 ]
			},
			{
				"bonus" :
				{
					"subtype" : "creatureDamageBoth",
					"type" : "CREATURE_DAMAGE"
				},
				"values" : [ 1, 2, 3, 4, 5, 6, 7, 8, 9, 10 ]
			},
			{
				"bonus" :
				{
					"subtype" : "creatureDamageBoth",
					"type" : "CREATURE_DAMAGE"
				},
				"values" : [ 1, 2, 3, 4, 5, 6, 7, 8, 9, 10 ]
			},
			{
				"bonus" :
				{
					"type" : "STACKS_SPEED"
				},
				"values" : [ 0, 0, 0, 1, 1, 2, 2, 2, 2, 3]
			},
			{
				"bonus" :
				{
					"type" : "HATE",
					"subtype" : "creature.boneDragon"
				},
				"values" : [ 70, 90, 110, 130, 150, 170, 190, 210, 230, 250 ]			
			},
			{
				"bonus" :
				{
					"type" : "HATE",
					"subtype" : "creature.ghostDragon"
				},
				"values" : [ 70, 90, 110, 130, 150, 170, 190, 210, 230, 250 ]			
			},
			{
				"bonus" :
				{
					"type" : "FEARLESS"
				},
				"values" : [ false, false, false, false, true, true, true, true, true, true ]
			},
			{
				"bonus" :
				{
					"type" : "RECEPTIVE"
				},
				"values" : [ false, false, false, false, false, false, false, true, true, true ]
			}
		]
    }
  }
