{
  "bflameglad": {
    "name": {
      "plural": "Flame Gladiators",
      "singular": "Flame Gladiator"
    },
    "advMapAmount": {
 "max" : 12,
 "min" : 8
    },
    "faction": "highlands",
    "aiValue": 1523,
    "attack": 14,
    "cost": {
      "gold": 700
    },
    "damage": {
 "max" : 14,
 "min" : 12
    },
    "defense": 14,
    "fightValue": 1369,
    "graphics": {
      "animation": "highlands/battle/creatures/CFG5U.def",
      "map": "highlands/map/creatures/AVWC159.def",
      "iconSmall": "highlands/iconsSmall/creatures/CPrS159B.bmp",
      "iconLarge": "highlands/iconsBig/creatures/CPrL159B.bmp",
      "timeBetweenFidgets": 1,
      "animationTime": {
        "walk": 1.25,
        "attack": 1,
        "idle": 10
      }
    },
    "growth": 3,
    "hitPoints": 60,
    "level": 5,
    "sound": {
      "attack": "highlands/FG5UATTK.wav",
      "defend": "highlands/FG5UDFND.wav",
      "killed": "highlands/FG5UKILL.wav",
      "move": "highlands/FG5UMOVE.wav",
      "wince": "highlands/FG5UWNCE.wav"
    },
    "speed": 7,
    "abilities": {
			"threeHeads" : 
			{
				"type" : "THREE_HEADED_ATTACK"
			},
			"noRetaliation" :
			{
				"type" : "BLOCKS_RETALIATION"
			}
    },
		"stackExperience" :
		[
			{
				"bonus" :
				{
					"subtype" : "attack",
					"type" : "PRIMARY_SKILL"
				},
				"values" : [ 1, 1, 2, 3, 4, 5, 5, 6, 7, 8 ]
			},	
			{
				"bonus" :
				{
					"subtype" : "defence",
					"type" : "PRIMARY_SKILL"
				},
				"values" : [ 1, 2, 3, 3, 4, 4, 6, 6, 7, 8 ]
			},
			{
				"bonus" :
				{
					"subtype" : "creatureDamageMax",
					"type" : "CREATURE_DAMAGE"
				},
				"values" : [ 1, 2, 2, 3, 4, 4, 5, 6, 7, 7 ]
			},
			{
				"bonus" :
				{
					"subtype" : "creatureDamageMin",
					"type" : "CREATURE_DAMAGE"
				},
				"values" : [ 0, 1, 2, 3, 3, 4, 5, 6, 6, 7 ]
			},
			{
				"bonus" :
				{
					"type" : "STACKS_SPEED"
				},
				"values" : [ 0, 0, 0, 1, 1, 1, 1, 1, 1, 2]
			},
			{
				"bonus" :
				{
					"valueType" : "PERCENT_TO_BASE",
					"type" : "STACK_HEALTH"
				},
				"values" : [ 5, 10, 15, 20, 25, 30, 35, 40, 45, 50 ]
			},
			{
				"bonus" :
				{
					"type" : "SPELL_DAMAGE_REDUCTION",
					"subtype" : "fire"
				},
				"values" : [ 0, 0, 0, 0, 0, 0, 0, 0, 0, 100 ]
			}
		]
  }
}
