{
	"bgladiator":
	{
		"name" :
		{
			"plural" : "Gladiators",
			"singular" : "Gladiator"
		},
		"advMapAmount" :
		{
			 "max" : 16,
			 "min" : 8
		},
		"faction" : "highlands",
		"aiValue" : 891,
		"attack" : 13,
		"cost" :
		{
			"gold" : 600
		},
		"damage" :
		{
			 "max" : 14,
			 "min" : 12
		},
		"defense" : 12,
		"fightValue" : 815,
    "graphics": {
      "animation": "highlands/battle/creatures/CFG5.def",
      "map": "highlands/map/creatures/AVWC158.def",
      "iconSmall": "highlands/iconsSmall/creatures/CPrS158B.bmp",
      "iconLarge": "highlands/iconsBig/creatures/CPrL158B.bmp",
      "timeBetweenFidgets": 1,
      "animationTime": {
        "walk": 1.25,
        "attack": 1,
        "idle": 10
      }
    },
		"growth" : 3,
		"hitPoints" : 50,
		"level" : 5,
		"upgrades":
		[
			"bflameglad"
		],
		"sound" :
		{
			"attack" : "highlands/FG5ATTK.wav",
			"defend" : "highlands/FG5DFND.wav",
			"killed" : "highlands/FG5KILL.wav",
			"move" : "highlands/FG5MOVE.wav",
			"wince" : "highlands/FG5WNCE.wav"
 		},
		"speed" : 6,
		"stackExperience" :
		[
			{
				"bonus" :
				{
					"subtype" : "attack",
					"type" : "PRIMARY_SKILL"
				},
				"values" : [ 1, 1, 2, 3, 4, 5, 5, 6, 7, 8 ]
			},	
			{
				"bonus" :
				{
					"subtype" : "defence",
					"type" : "PRIMARY_SKILL"
				},
				"values" : [ 1, 2, 3, 3, 4, 4, 6, 6, 7, 8 ]
			},
			{
				"bonus" :
				{
					"subtype" : "creatureDamageMax",
					"type" : "CREATURE_DAMAGE"
				},
				"values" : [ 1, 2, 2, 3, 4, 4, 5, 6, 7, 7 ]
			},
			{
				"bonus" :
				{
					"subtype" : "creatureDamageMin",
					"type" : "CREATURE_DAMAGE"
				},
				"values" : [ 0, 1, 2, 3, 3, 4, 5, 6, 6, 7 ]
			},
			{
				"bonus" :
				{
					"type" : "STACKS_SPEED"
				},
				"values" : [ 0, 0, 0, 1, 1, 1, 1, 1, 1, 2]
			},
			{
				"bonus" :
				{
					"valueType" : "PERCENT_TO_BASE",
					"type" : "STACK_HEALTH"
				},
				"values" : [ 5, 10, 15, 20, 25, 30, 35, 40, 45, 50 ]
			},
			{
				"bonus" :
				{
					"type" : "MAGIC_RESISTANCE"
				},
				"values" : [ 2, 4, 6, 8, 10, 12, 14, 16, 18, 20]
			}
		]
	}
}
