{
	"bharpooner":
	{
		"name" :
		{
			"plural" : "Harpooners",
			"singular" : "Harpooner"
		},
		"advMapAmount" :
		{
			 "max" : 25,
			 "min" : 16
		},
		"faction" : "highlands",
		"aiValue" : 251,
		"attack" : 8,
		"cost" :
		{
			"gold" : 140
		},
		"damage" :
		{
			 "max" : 4,
			 "min" : 3
		},
		"defense" : 6,
		"fightValue" : 257,
    "graphics": {
      "animation": "highlands/battle/creatures/Cfg2u.def",
      "map": "highlands/map/creatures/AVWC153.def",
      "iconSmall": "highlands/iconsSmall/creatures/CPrS153B.bmp",
      "iconLarge": "highlands/iconsBig/creatures/CPrL153B.bmp",
      "timeBetweenFidgets": 1,
      "animationTime": {
        "walk": 1.25,
        "attack": 1,
        "idle": 10
      },
      "missile" :
			{
				"projectile" : "PPLIZAX.DEF",
				"attackClimaxFrame" : 9,
				"offset" :
				{
					"upperX" : 38,
					"upperY" : -65,
					"middleX" : 36,
					"middleY" : -59,
					"lowerX" : 21,
					"lowerY" : -50
				},
				"frameAngles" : [90, 72, 45, 27, 0, -27, -45, -72, -90, 0, 0, 0]
			}
    },
		"growth" : 9,
		"hitPoints" : 16,
    "level": 2,
    "shots": 8,
		"sound" :
		{
			"attack": "highlands/FG2UATTK.wav",
			"defend": "highlands/FG2UDFND.wav",
			"killed": "highlands/FG2UKILL.wav",
			"shoot": "highlands/FG2SHOT.wav",
			"move": "highlands/FG2MOVE.wav",
			"wince": "highlands/FG2UWNCE.wav"
		},
		"speed" : 6,
    "abilities" :
		{
			"canShoot" :
			{
				"type" : "SHOOTER"
			},
			"noMeleePenalty" :
			{
				"type" : "NO_MELEE_PENALTY"
			}
		},
		"stackExperience" :
		[
			{
				"bonus" :
				{
					"subtype" : "attack",
					"type" : "PRIMARY_SKILL"
				},
				"values" : [ 0, 1, 1, 2, 2, 2, 3, 3, 3, 4 ]
			},	
			{
				"bonus" :
				{
					"subtype" : "defence",
					"type" : "PRIMARY_SKILL"
				},
				"values" : [ 1, 1, 1, 2, 2, 3, 3, 3, 4, 4 ]
			},
			{
				"bonus" :
				{
					"subtype" : "creatureDamageMax",
					"type" : "CREATURE_DAMAGE"
				},
				"values" : [ 0, 1, 1, 1, 2, 2, 2, 3, 3, 4 ]
			},
			{
				"bonus" :
				{
					"subtype" : "creatureDamageMin",
					"type" : "CREATURE_DAMAGE"
				},
				"values" : [ 0, 0, 1, 1, 1, 2, 2, 3, 3, 3 ]
			},
			{
				"bonus" :
				{
					"type" : "STACKS_SPEED"
				},
				"values" : [ 0, 0, 0, 1, 1, 1, 1, 1, 1, 2]
			},
			{
				"bonus" :
				{
					"valueType" : "PERCENT_TO_BASE",
					"type" : "STACK_HEALTH"
				},
				"values" : [ 5, 10, 15, 20, 25, 30, 35, 40, 45, 50 ]
			},
			{
				"bonus" :
				{
					"type" : "MAGIC_RESISTANCE"
				},
				"values" : [ 2, 4, 6, 8, 10, 12, 14, 16, 18, 20]
			}
		]
		}	
	}
