{
  "bmountainguard": {
    "name": {
      "plural": "Mountain Guards",
      "singular": "Mountain Guard"
    },
    "advMapAmount": {
 "max" : 30,
 "min" : 20
    },
    "faction": "highlands",
    "aiValue": 115,
    "attack": 4,
    "cost": {
      "gold": 65
    },
    "damage": {
 "max" : 3,
 "min" : 1
    },
    "defense": 7,
    "fightValue": 123,
    "graphics": {
      "animation": "highlands/battle/creatures/CFG1U.def",
      "map": "highlands/map/creatures/AVWC151.def",
      "iconSmall": "highlands/iconsSmall/creatures/CPrS151B.bmp",
      "iconLarge": "highlands/iconsBig/creatures/CPrL151B.bmp",
      "timeBetweenFidgets": 1,
      "animationTime": {
        "walk": 1,
        "attack": 1,
        "idle": 10
      }
    },
    "growth": 14,
    "hitPoints": 10,
    "horde": 6,
    "level": 1,
    "sound": {
      "attack": "highlands/FG1UATTK.wav",
      "defend": "highlands/FG1UDFND.wav",
      "killed": "highlands/FG1UKILL.wav",
      "move": "highlands/FG1UMOVE.wav",
      "wince": "highlands/FG1UWNCE.wav"
    },
	    "abilities" :
		{
		"damageReduction": 
		{
				"type": "GENERAL_DAMAGE_REDUCTION",
				"val": 15
			},
			"defenseStance" :
			{
				"type" : "DEFENSIVE_STANCE",
				"val": 2
			}
		},
		"stackExperience" :
		[
			{
				"bonus" :
				{
					"subtype" : "attack",
					"type" : "PRIMARY_SKILL"
				},
				"values" : [ 0, 1, 1, 1, 1, 2, 2, 2, 2, 3 ]
			},	
			{
				"bonus" :
				{
					"subtype" : "defence",
					"type" : "PRIMARY_SKILL",
				},
				"values" : [ 1, 1, 1, 1, 2, 2, 2, 2, 3, 3 ]
			},	
			{
				"bonus" :
				{
					"subtype" : "creatureDamageMin",
					"type" : "CREATURE_DAMAGE"
				},
				"values" : [ 0, 0, 0, 1, 1, 1, 1, 2, 2, 2 ]
			},
			{
				"bonus" :
				{
					"subtype" : "creatureDamageMax",
					"type" : "CREATURE_DAMAGE"
				},
				"values" : [ 0, 0, 1, 1, 1, 1, 2, 2, 2, 2 ]
			},
			{
				"bonus" :
				{
					"type" : "STACKS_SPEED"
				},
				"values" : [ 0, 0, 0, 1, 1, 1, 1, 1, 1, 2]
			},
			{
				"bonus" :
				{
					"valueType" : "PERCENT_TO_BASE",
					"type" : "STACK_HEALTH"
				},
				"values" : [ 5, 10, 15, 20, 25, 30, 35, 40, 45, 50 ]
			},
			{
				"bonus" :
				{
					"type" : "MAGIC_RESISTANCE"
				},
				"values" : [ 2, 4, 6, 8, 10, 12, 14, 16, 18, 20]
			}
		],
    "speed": 5
  }
  }
