{
    "new-summon-spells:summonAngel": {
           "levels": {
            "base": {
                "description": "{Summon Angel}\r\n\r\nAllows you to summon Angels.\r\n\r\nOnce cast, no other creatures can be summoned.",
                "battleEffects": {
                    "summon": {
                        "exclusive": true,
                        "id": "angel",
                        "permanent": false,
                        "type": "core:summon"
                    }
                }
            },
            "basic": {
				"description": "{Basic Summon Angel}\r\n\r\nAllows you to summon Angels.\r\n\r\nOnce cast, no other creatures can be summoned."
            },
            "advanced": {
				"description": "{Advanced Summon Angel}\r\n\r\nAllows you to summon Angels.\r\n\r\nOnce cast, no other creatures can be summoned."
            },
            "expert": {
				"description": "{Expert Summon Angel}\r\n\r\nAllows you to summon Angels.\r\n\r\nOnce cast, no other creatures can be summoned."
            }
        }
    }
}