{
    "new-summon-spells:summonPsychicElemental": {
        "levels": {
            "base": {
                "description": "{Summon Psychic Elemental}\r\n\r\nAllows you to summon Psychic Elementals.\r\n\r\nOnce cast, no other creatures can be summoned."
                "battleEffects": {
                    "summon": {
                        "exclusive": true,
                        "id": "psychicElemental",
                        "permanent": false,
                        "type": "core:summon"
                    }
                }
            },
            "basic": {
				"description": "{Basic Summon Psychic Elemental}\r\n\r\nAllows you to summon Psychic Elementals.\r\n\r\nOnce cast, no other creatures can be summoned."
            },
            "advanced": {
				"description": "{Advanced Summon Psychic Elemental}\r\n\r\nAllows you to summon Psychic Elementals.\r\n\r\nOnce cast, no other creatures can be summoned."
            },
            "expert": {
				"description": "{Expert Summon Psychic Elemental}\r\n\r\nAllows you to summon Psychic Elementals.\r\n\r\nOnce cast, no other creatures can be summoned."
            }
        }
    }
}