{
    "summonDemon": {
        "type": "combat",
        "name": "Demon",
        "school": {
            "air": false,
            "earth": false,
            "fire": true,
            "water": false
        },
        "level": 4,
        "power": 20,
        "defaultGainChance": 4,
        "gainChance": {
            "inferno": 10
        },
        "flags": {
            "indifferent": true
        },
        "graphics": {
            "iconBook": "demon/spellBook",
            "iconScroll": "demon/spellScroll",
            "iconScenarioBonus": "demon/bonusSpell",
            "iconEffect": "demon/spellEffect"
        },
        "animation": {
            "cast": [
                "C12SPF0.def"
            ]
        },
        "sounds": {
            "cast": "SUMNELM"
        },
        "targetType": "NO_TARGET",
        "levels": {
            "base": {
                "description": "{Summon Demon}\r\n\r\nAllows you to summon Demons.\r\n\r\nOnce cast, any other creature can be summoned.",
                "range": "X",
                "cost": 24,
                "power": 2,
				"aiValue": 10,
                //"targetModifier": {
                //    "smart": true
                //},
                "battleEffects": {
                    "summon": {
                        "exclusive": false,
                        "id": "demon",
                        "permanent": false,
                        //"summonByHealth": true,
                        "type": "core:summon"
                    }
                }
            },
            "none": {
                "cost": 25,
                "power": 1,
				"aiValue": 10
            },
            "basic": {
				"description": "{Basic Summon Demon}\r\n\r\nAllows you to summon Demons.\r\n\r\nOnce cast, any other creature can be summoned.",
                "cost": 20,
                "power": 2,
				"aiValue": 11
            },
            "advanced": {
				"description": "{Advanced Summon Demon}\r\n\r\nAllows you to summon Demons.\r\n\r\nOnce cast, any other creature can be summoned.",
                "cost": 20,
                "power": 3,
				"aiValue": 12
            },
            "expert": {
				"description": "{Expert Summon Demon}\r\n\r\nAllows you to summon Demons.\r\n\r\nOnce cast, any other creature can be summoned.",
                "cost": 20,
                "power": 4,
				"aiValue": 13
            }
        }
    }
}