{
    "summonGenie": {
        "type": "combat",
        "name": "Genie",
        "school": {
            "air": true,
            "earth": false,
            "fire": false,
            "water": false
        },
        "level": 5,
        "power": 30,
        "defaultGainChance": 4,
        "gainChance": {
            "tower": 12
        },
        "flags": {
            "indifferent": true
        },
        "graphics": {
            "iconBook": "genie/spellBook",
            "iconScroll": "genie/spellScroll",
            "iconScenarioBonus": "genie/bonusSpell",
            "iconEffect": "genie/spellEffect"
        },
        "animation": {
            "cast": [
                "C12SPF0.def"
            ]
        },
        "sounds": {
            "cast": "SUMNELM"
        },
        "targetType": "NO_TARGET",
        "levels": {
            "base": {
                "description": "{Summon Genie}\r\n\r\nAllows you to summon Genies. Once cast, any other creature can be summoned.",
                "range": "X",
                "cost": 35,
                "power": 1,
				"aiValue": 10,
                //"targetModifier": {
                //    "smart": true
                //},
                "battleEffects": {
                    "summon": {
                        "exclusive": false,
                        "id": "genie",
                        "permanent": false,
                        //"summonByHealth": true,
                        "type": "core:summon"
                    }
                }
            },
            "none": {
                "cost": 45,
                "power": 1,
				"aiValue": 10
            },
            "basic": {
				"description": "{Basic Summon Genie}\r\n\r\nAllows you to summon Genies. Once cast, any other creature can be summoned.",
                "cost": 35,
                "power": 2,
				"aiValue": 11
            },
            "advanced": {
				"description": "{Advanced Summon Genie}\r\n\r\nAllows you to summon Genies. Once cast, any other creature can be summoned.",
                "cost": 35,
                "power": 3,
				"aiValue": 12
            },
            "expert": {
				"description": "{Expert Summon Genie}\r\n\r\nAllows you to summon Genies. Once cast, any other creature can be summoned.",
                "cost": 35,
                "power": 4,
				"aiValue": 13
            }
        }
    }
}