{
    "core:airElemental": {
        "levels": {
            "base": {
				"description": "{Summon Air Elemental}\r\n\r\nAllows you to summon air elementals.\r\n\r\nOnce cast, any other creature can be summoned.",
                "battleEffects": {
                    "summon": {
                        "exclusive": false,
                        "id": "airElemental",
                        "permanent": false,
                        "type": "core:summon"
                    }
                }
            },
			"none": {
				"description": "{Summon Air Elemental}\r\n\r\nAllows you to summon air elementals.\r\n\r\nOnce cast, any other creature can be summoned.",
			},
			"basic": {
				"description": "{Basic Summon Air Elemental}\r\n\r\nAllows you to summon air elementals.\r\n\r\nOnce cast, any other creature can be summoned.",
			},
			"advanced": {
				"description": "{Advanced Summon Air Elemental}\r\n\r\nAllows you to summon air elementals.\r\n\r\nOnce cast, any other creature can be summoned.",
			},
			"expert": {
				"description": "{Expert Summon Air Elemental}\r\n\r\nAllows you to summon air elementals.\r\n\r\nOnce cast, any other creature can be summoned."
			}
        }
    },
    "core:earthElemental": {
        "levels": {
            "base": {
				"description": "{Summon Earth Elemental}\r\n\r\nAllows you to summon earth elementals.\r\n\r\nOnce cast, any other creature can be summoned.",
                "battleEffects": {
                    "summon": {
                        "exclusive": false,
                        "id": "earthElemental",
                        "permanent": false,
                        "type": "core:summon"
                    }
                }
            },
			"none": {
				"description": "{Summon Earth Elemental}\r\n\r\nAllows you to summon earth elementals.\r\n\r\nOnce cast, any other creature can be summoned.",
			},
			"basic": {
				"description": "{Basic Summon Earth Elemental}\r\n\r\nAllows you to summon earth elementals.\r\n\r\nOnce cast, any other creature can be summoned.",
			},
			"advanced": {
				"description": "{Advanced Summon Earth Elemental}\r\n\r\nAllows you to summon earth elementals.\r\n\r\nOnce cast, any other creature can be summoned.",
			},
			"expert": {
				"description": "{Expert Summon Earth Elemental}\r\n\r\nAllows you to summon earth elementals.\r\n\r\nOnce cast, any other creature can be summoned."
			}
        }
    },
    "core:fireElemental": {
        "levels": {
            "base": {
				"description": "{Summon Fire Elemental}\r\n\r\nAllows you to summon fire elementals.\r\n\r\nOnce cast, any other creature can be summoned.",
                "battleEffects": {
                    "summon": {
                        "exclusive": false,
                        "id": "fireElemental",
                        "permanent": false,
                        "type": "core:summon"
                    }
                }
            },
			"none": {
				"description": "{Summon Fire Elemental}\r\n\r\nAllows you to summon fire elementals.\r\n\r\nOnce cast, any other creature can be summoned.",
			},
			"basic": {
				"description": "{Basic Summon Fire Elemental}\r\n\r\nAllows you to summon fire elementals.\r\n\r\nOnce cast, any other creature can be summoned.",
			},
			"advanced": {
				"description": "{Advanced Summon Fire Elemental}\r\n\r\nAllows you to summon fire elementals.\r\n\r\nOnce cast, any other creature can be summoned.",
			},
			"expert": {
				"description": "{Expert Summon Fire Elemental}\r\n\r\nAllows you to summon fire elementals.\r\n\r\nOnce cast, any other creature can be summoned."
			}
        }
    },
    "core:waterElemental": {
        "levels": {
            "base": {
				"description": "{Summon Water Elemental}\r\n\r\nAllows you to summon water elementals.\r\n\r\nOnce cast, any other creature can be summoned.",
                "battleEffects": {
                    "summon": {
                        "exclusive": false,
                        "id": "waterElemental",
                        "permanent": false,
                        "type": "core:summon"
                    }
                }
            },
			"none": {
				"description": "{Summon Water Elemental}\r\n\r\nAllows you to summon water elementals.\r\n\r\nOnce cast, any other creature can be summoned.",
			},
			"basic": {
				"description": "{Basic Summon Water Elemental}\r\n\r\nAllows you to summon water elementals.\r\n\r\nOnce cast, any other creature can be summoned.",
			},
			"advanced": {
				"description": "{Advanced Summon Water Elemental}\r\n\r\nAllows you to summon water elementals.\r\n\r\nOnce cast, any other creature can be summoned.",
			},
			"expert": {
				"description": "{Expert Summon Water Elemental}\r\n\r\nAllows you to summon water elementals.\r\n\r\nOnce cast, any other creature can be summoned."
			}
        }
    }
}