{
	"name": "Old New Spells",
	"description": "Expand your magical arsenal with 9 iconic spells inspired by other Heroes of Might and Magic games.<br/><br/>This modification adds:<br/><br/>Confusion<br/>Deep Freeze<br/>Dragon Strength<br/>Fear<br/>Levitation<br/>Puppet Master<br/>Vampirism<br/>Vigour<br/>Wasp Swarm",
	"author" : "Warmonger, Andruids",
	"contact" : "http://forum.vcmi.eu/viewforum.php?f=15",
	"version" : "1.0.5",
	"modType" : "Spells",	
	"spells" :
	[
		"config/NewOldSpells/Confusion.json",
		"config/NewOldSpells/DeepFreeze.json",
		"config/NewOldSpells/DragonStrength.json",
		"config/NewOldSpells/Fear.json",
		"config/NewOldSpells/Levitation.json",
		"config/NewOldSpells/PuppetMaster.json",
		"config/NewOldSpells/Vampirism.json",
		"config/NewOldSpells/Vigour.json",
		"config/NewOldSpells/WaspSwarm.json"
	],
	"changelog" :
    {
		"0.8"   : [ "Initial release" ],
		"0.9"   : [ "Added spell Fear (abandoned H3 spell)" ],
		"0.9.1" : [ "Small improvements" ],
		"0.9.5" : [ "Graphical lifting, some balancing improvements and adapting to the new spell format" ],
		"0.9.6" : [ "Chinese translation from https://www.h3wog.com/thread-77661-1-1.html" ],
		"0.9.7" : [ "Polish translation by Dru" ],
		"0.9.9" : [ "Update to vcmi-1.4 format" ],
		"1.0.0" : [ "Czech translation by Georke King" ],
		"1.0.1" : [ "Updated Czech translation" ],
		"1.0.2" : [ "Puppet Master formatting fix" ],
		"1.0.3" : [ "Added russian translation" ],
		"1.0.4" : [ "Improved description" ],
		"1.0.5" : [ "Fear spell fix by kdmcser" ]
    },
    "chinese" : {
		"name": "旧新法术",
		"description": "扩展你的魔法库，新增9个灵感来自《英雄无敌》其他版本的标志性法术。<br/><br/>本模组新增以下法术：<br/><br/>混乱<br/>深度冻结<br/>龙之力量<br/>恐惧<br/>漂浮<br/>傀儡大师<br/>群体吸血鬼化<br/>活力迸发<br/>蜂群滋扰",
		"translations" : [
			"config/NewOldSpells/translation/chinese.json"
		]
    },
    "german" : {
		"name" : "Neue, alte Zauber",
		"description" : "neun Zauber aus anderen HoMM-Spielen",
		"translations" : [
			"config/NewOldSpells/translation/german.json"
		]
    },
    "polish" : {
		"name" : "Nowe-stare zaklęcia",
		"description" : "Kilka nowych zaklęć przeniesionych z innych części Heroes of Might and Magic",
		"translations" : [
			"config/NewOldSpells/translation/polish.json"
		]
    },
    "czech" : {
		"name" : "Staronová kouzla",
		"description": "Rozšiřte svůj magický arzenál o 9 ikonických kouzel inspirovaných ostatními díly série Heroes of Might and Magic.<br/><br/>Tato modifikace přidává:<br/><br/>Zmatení<br/>Hluboké zmrazení<br/>Dračí síla<br/>Strach<br/>Levitace<br/>Loutkař<br/>Vampírismus<br/>Ráznost<br/>Včelí roj",
		"translations" : [
			"config/NewOldSpells/translation/czech.json"
		]
    },
    "russian" : {
		"name" : "Новые старые заклинания",
		"description" : "Девять новых заклинаний, перенесенных из других частей Heroes of Might and Magic",
		"translations" : [
			"config/NewOldSpells/translation/russian.json"
		]
    }
}
